{
    "number of city:": 50,
    "generation:": 1739,
    "optimal distance:": 529.0945561931744,
    "used time(s)": 216.140625,
    "route:": [
        4,
        26,
        22,
        48,
        47,
        21,
        34,
        31,
        1,
        2,
        32,
        18,
        10,
        46,
        3,
        6,
        35,
        11,
        16,
        9,
        36,
        27,
        49,
        19,
        45,
        0,
        17,
        41,
        39,
        43,
        37,
        8,
        5,
        25,
        24,
        14,
        44,
        13,
        29,
        40,
        33,
        42,
        20,
        7,
        15,
        38,
        12,
        28,
        23,
        30
    ]
}{
    "number of city:": 50,
    "generation:": 1109,
    "optimal distance:": 554.0665204153896,
    "used time(s)": 129.234375,
    "route:": [
        13,
        8,
        29,
        40,
        33,
        42,
        20,
        7,
        15,
        38,
        12,
        28,
        23,
        30,
        4,
        26,
        22,
        48,
        47,
        21,
        34,
        31,
        1,
        2,
        3,
        11,
        35,
        27,
        49,
        0,
        45,
        19,
        36,
        9,
        16,
        6,
        46,
        32,
        18,
        10,
        37,
        43,
        39,
        17,
        41,
        5,
        25,
        24,
        14,
        44
    ]
}{
    "number of city:": 50,
    "generation:": 1261,
    "optimal distance:": 532.746395527022,
    "used time(s)": 161.78125,
    "route:": [
        9,
        36,
        27,
        49,
        45,
        19,
        0,
        17,
        41,
        39,
        43,
        37,
        8,
        5,
        25,
        24,
        14,
        44,
        13,
        42,
        20,
        7,
        38,
        15,
        12,
        28,
        23,
        30,
        4,
        26,
        22,
        48,
        47,
        21,
        34,
        31,
        1,
        2,
        40,
        33,
        29,
        32,
        18,
        10,
        46,
        3,
        6,
        35,
        11,
        16
    ]
}{
    "number of city:": 50,
    "generation:": 1714,
    "optimal distance:": 530.4262730251273,
    "used time(s)": 250.875,
    "route:": [
        44,
        13,
        42,
        20,
        7,
        15,
        38,
        12,
        28,
        23,
        30,
        4,
        26,
        22,
        48,
        47,
        21,
        34,
        31,
        1,
        2,
        3,
        6,
        35,
        11,
        16,
        9,
        36,
        27,
        49,
        19,
        45,
        0,
        17,
        41,
        39,
        43,
        37,
        10,
        46,
        18,
        32,
        40,
        33,
        29,
        8,
        5,
        25,
        24,
        14
    ]
}