{
    "number of city:": 50,
    "generation:": 706,
    "optimal distance:": 527.006092488681,
    "used time(s)": 86.515625,
    "route:": [
        9,
        36,
        27,
        49,
        19,
        45,
        0,
        17,
        41,
        39,
        43,
        37,
        8,
        5,
        25,
        24,
        14,
        44,
        13,
        42,
        20,
        7,
        15,
        38,
        12,
        28,
        23,
        30,
        4,
        26,
        22,
        48,
        47,
        21,
        34,
        31,
        1,
        2,
        40,
        33,
        29,
        32,
        18,
        10,
        46,
        3,
        6,
        35,
        11,
        16
    ]
}{
    "number of city:": 50,
    "generation:": 858,
    "optimal distance:": 529.0945561931744,
    "used time(s)": 107.34375,
    "route:": [
        12,
        38,
        15,
        7,
        20,
        42,
        33,
        40,
        29,
        13,
        44,
        14,
        24,
        25,
        5,
        8,
        37,
        43,
        39,
        41,
        17,
        0,
        45,
        19,
        49,
        27,
        36,
        9,
        16,
        11,
        35,
        6,
        3,
        46,
        10,
        18,
        32,
        2,
        1,
        31,
        34,
        21,
        47,
        48,
        22,
        26,
        4,
        30,
        23,
        28
    ]
}{
    "number of city:": 50,
    "generation:": 812,
    "optimal distance:": 532.4776930718161,
    "used time(s)": 93.953125,
    "route:": [
        21,
        34,
        31,
        1,
        2,
        3,
        6,
        35,
        11,
        16,
        9,
        36,
        27,
        49,
        19,
        45,
        0,
        17,
        41,
        39,
        10,
        46,
        18,
        32,
        40,
        33,
        29,
        8,
        37,
        43,
        5,
        25,
        24,
        14,
        44,
        13,
        42,
        20,
        7,
        15,
        38,
        12,
        28,
        23,
        30,
        4,
        26,
        22,
        48,
        47
    ]
}{
    "number of city:": 50,
    "generation:": 876,
    "optimal distance:": 542.584447534136,
    "used time(s)": 102.5625,
    "route:": [
        5,
        8,
        37,
        10,
        46,
        3,
        6,
        35,
        11,
        16,
        9,
        36,
        27,
        49,
        19,
        45,
        0,
        17,
        41,
        39,
        43,
        18,
        32,
        29,
        33,
        40,
        2,
        1,
        31,
        34,
        21,
        47,
        48,
        22,
        26,
        4,
        30,
        23,
        28,
        12,
        38,
        15,
        7,
        20,
        42,
        13,
        44,
        14,
        24,
        25
    ]
}{
    "number of city:": 50,
    "generation:": 822,
    "optimal distance:": 561.5104832928619,
    "used time(s)": 94.921875,
    "route:": [
        17,
        41,
        39,
        43,
        37,
        8,
        5,
        25,
        24,
        14,
        44,
        13,
        20,
        7,
        12,
        28,
        23,
        30,
        4,
        38,
        15,
        42,
        33,
        29,
        2,
        1,
        31,
        34,
        21,
        47,
        48,
        22,
        26,
        40,
        32,
        18,
        10,
        46,
        3,
        6,
        35,
        11,
        16,
        9,
        36,
        27,
        49,
        19,
        45,
        0
    ]
}{
    "number of city:": 50,
    "generation:": 719,
    "optimal distance:": 533.240493414485,
    "used time(s)": 86.265625,
    "route:": [
        43,
        37,
        18,
        32,
        46,
        10,
        39,
        41,
        17,
        0,
        45,
        19,
        49,
        27,
        36,
        9,
        16,
        11,
        35,
        6,
        3,
        2,
        1,
        31,
        34,
        21,
        47,
        48,
        22,
        26,
        4,
        30,
        23,
        28,
        12,
        38,
        15,
        7,
        20,
        42,
        33,
        40,
        29,
        8,
        13,
        44,
        14,
        24,
        25,
        5
    ]
}{
    "number of city:": 50,
    "generation:": 831,
    "optimal distance:": 527.006092488681,
    "used time(s)": 93.34375,
    "route:": [
        9,
        36,
        27,
        49,
        19,
        45,
        0,
        17,
        41,
        39,
        43,
        37,
        8,
        5,
        25,
        24,
        14,
        44,
        13,
        42,
        20,
        7,
        15,
        38,
        12,
        28,
        23,
        30,
        4,
        26,
        22,
        48,
        47,
        21,
        34,
        31,
        1,
        2,
        40,
        33,
        29,
        32,
        18,
        10,
        46,
        3,
        6,
        35,
        11,
        16
    ]
}{
    "number of city:": 50,
    "generation:": 818,
    "optimal distance:": 529.0945561931744,
    "used time(s)": 90.640625,
    "route:": [
        12,
        38,
        15,
        7,
        20,
        42,
        33,
        40,
        29,
        13,
        44,
        14,
        24,
        25,
        5,
        8,
        37,
        43,
        39,
        41,
        17,
        0,
        45,
        19,
        49,
        27,
        36,
        9,
        16,
        11,
        35,
        6,
        3,
        46,
        10,
        18,
        32,
        2,
        1,
        31,
        34,
        21,
        47,
        48,
        22,
        26,
        4,
        30,
        23,
        28
    ]
}{
    "number of city:": 50,
    "generation:": 868,
    "optimal distance:": 543.7844322182103,
    "used time(s)": 98.5,
    "route:": [
        18,
        32,
        6,
        35,
        11,
        16,
        9,
        36,
        27,
        49,
        19,
        45,
        0,
        17,
        41,
        39,
        43,
        5,
        25,
        24,
        14,
        44,
        13,
        8,
        37,
        10,
        46,
        3,
        2,
        1,
        31,
        34,
        21,
        47,
        48,
        22,
        26,
        4,
        30,
        23,
        28,
        12,
        38,
        15,
        7,
        20,
        42,
        33,
        40,
        29
    ]
}{
    "number of city:": 48,
    "generation:": 701,
    "optimal distance:": 34488.94902270548,
    "used time(s)": 82.25,
    "route:": [
        6,
        27,
        5,
        36,
        18,
        26,
        16,
        42,
        29,
        35,
        43,
        30,
        37,
        8,
        7,
        0,
        15,
        21,
        2,
        40,
        33,
        47,
        4,
        28,
        1,
        41,
        25,
        3,
        34,
        44,
        9,
        23,
        31,
        38,
        20,
        12,
        24,
        13,
        22,
        10,
        46,
        19,
        11,
        39,
        14,
        32,
        45,
        17
    ]
}{
    "number of city:": 70,
    "generation:": 1771,
    "optimal distance:": 750.9309507101964,
    "used time(s)": 219.09375,