{
    "number of city:": 50,
    "generation:": 1095,
    "optimal distance:": 557.0622512742345,
    "used time(s)": 158.109375,
    "route:": [
        12,
        38,
        15,
        7,
        20,
        42,
        33,
        40,
        29,
        8,
        24,
        13,
        44,
        14,
        25,
        5,
        43,
        37,
        18,
        32,
        10,
        46,
        6,
        35,
        27,
        49,
        19,
        45,
        0,
        41,
        39,
        17,
        36,
        9,
        16,
        11,
        3,
        2,
        1,
        31,
        34,
        21,
        47,
        48,
        22,
        26,
        4,
        30,
        23,
        28
    ]
}{
    "number of city:": 50,
    "generation:": 1130,
    "optimal distance:": 531.4121296246968,
    "used time(s)": 170.0625,
    "route:": [
        17,
        41,
        39,
        43,
        37,
        8,
        5,
        25,
        24,
        14,
        44,
        13,
        42,
        20,
        7,
        12,
        15,
        38,
        28,
        23,
        30,
        4,
        26,
        22,
        48,
        47,
        21,
        34,
        31,
        1,
        2,
        40,
        33,
        29,
        32,
        18,
        10,
        46,
        3,
        6,
        35,
        11,
        16,
        9,
        36,
        27,
        49,
        19,
        45,
        0
    ]
}